,dataset,algorithm,iter,PCC,PCD,Sibling_TD,PnCD
0,cordis,ws,0,-0.02206113472265252,0.8533333333333334,0.6966666666666667,0.9873333333333335
0,cordis,ws,1,-0.022040067200118932,0.851111111111111,0.691111111111111,0.9877777777777779
0,cordis,ws,2,-0.039862574936293235,0.841111111111111,0.7127777777777777,0.9880000000000001
0,cordis,ds,0,-0.03844367741700498,0.8495555555555557,0.37772222222222224,0.9710888888888888
0,cordis,ds,1,-0.03466811130722694,0.8516666666666667,0.3645555555555555,0.9711333333333334
0,cordis,ds,2,-0.038441978799679394,0.8498888888888889,0.4051666666666667,0.9703555555555557
0,cancer,ws,0,0.01187786067714346,0.8443333333333334,0.6923333333333334,0.9903859649122807
0,cancer,ws,1,0.006649989066899395,0.8373333333333334,0.675,0.9907543859649123
0,cancer,ws,2,0.010273928309792625,0.8430000000000001,0.6708333333333334,0.9911052631578948
